tic,Dismissed,SettlementAmount,FilingYear,Dismiss
MON,Yes,#NULL!,2010,0
AAC,Ongoing,#NULL!,2015,1
AAI,Yes,#NULL!,2011,0
AAMC,Ongoing,#NULL!,2015,1
AAPL,No,16500000,2006,1
AAVL,Ongoing,#NULL!,2015,1
ABAT,No,275000,2011,1
ABGB,Ongoing,#NULL!,2015,1
ABMD,Ongoing,#NULL!,2012,1
ABPI,Ongoing,#NULL!,2013,1
ABRX,No,9150000,2005,1
ABX,Ongoing,#NULL!,2013,1
ACA,Yes,#NULL!,2007,0
ACAD,Ongoing,#NULL!,2015,1
ACAS,No,18000000,2008,1
ACCN.PK,No,3400000,2007,1
ACHN,Ongoing,#NULL!,2013,1
ACPW,Ongoing,#NULL!,2013,1
ACRX,Ongoing,#NULL!,2014,1
ACTI,Yes,#NULL!,2010,0
ACUR,No,1500000,2010,1
ACV,Yes,#NULL!,2010,0
ACXM,Yes,#NULL!,2011,0
AD,No,12500000,2006,1
ADAT,No,1900000,2005,1
ADBL,Yes,#NULL!,2005,0
ADCT,Yes,#NULL!,2010,0
ADES,Ongoing,#NULL!,2014,1
ADEX,No,#NULL!,2006,1
ADHD,Ongoing,#NULL!,2014,1
ADLR,Yes,#NULL!,2011,0
ADRX,No,8000000,2005,1
ADT,Ongoing,#NULL!,2014,1
ADUS,No,3000000,2010,1
ADVNB,No,13250000,2009,1
AEGR,Ongoing,#NULL!,2014,1
AEHI,No,450000,2010,1
AEM,Yes,#NULL!,2011,0
AERI,Ongoing,#NULL!,2015,1
AET,Yes,#NULL!,2007,0
AEYE,Ongoing,#NULL!,2015,1
AEZS,Ongoing,#NULL!,2014,1
AFAM,Yes,#NULL!,2010,0
AFFY,Ongoing,#NULL!,2013,1
AFSI,Yes,#NULL!,2014,0
AGEN,Yes,#NULL!,2006,0
AGIX,Yes,#NULL!,2005,0
AGM,Yes,#NULL!,2008,0
AGN,Ongoing,#NULL!,2014,1
AGP,No,5000000,2005,1
AH,No,14000000,2012,1
AHM,No,37250000,2007,1
AIG,No,960000000,2008,1
AKNS,No,4770000,2009,1
AKRX,Ongoing,#NULL!,2015,1
ALC,Ongoing,#NULL!,2012,1
ALD,No,#NULL!,2010,1
ALGN,Ongoing,#NULL!,2012,1
ALIFE,Yes,#NULL!,2011,0
ALLT,No,1300000,2007,1
ALMI,No,1250000,2007,1
ALTE,No,#NULL!,2013,1
ALTH,Yes,#NULL!,2011,0
ALTI,Ongoing,#NULL!,2014,1
ALV,Ongoing,#NULL!,2013,1
ALVR,Yes,#NULL!,2007,0
AMAG,Yes,#NULL!,2010,0
AMBO,Ongoing,#NULL!,2012,1
AMCN,Ongoing,#NULL!,2015,1
AMD,Ongoing,#NULL!,2014,1
AMED,No,1200000,2010,1
AMGHF,Yes,#NULL!,2008,0
AMGN,Ongoing,#NULL!,2007,1
AMKR,No,11250000,2006,1
AMPE,Ongoing,#NULL!,2015,1
AMRI,Ongoing,#NULL!,2014,1
AMRN,Ongoing,#NULL!,2013,1
AMRS,Ongoing,#NULL!,2013,1
AMSC,No,10000000,2011,1
AMT,No,14000000,2006,1
AMTD,Ongoing,#NULL!,2014,1
ANAD,Yes,#NULL!,2008,0
ANDS,Yes,#NULL!,2011,0
ANF,No,12000000,2005,1
ANFI,Ongoing,#NULL!,2015,1
ANGI,Ongoing,#NULL!,2013,1
ANR,Yes,#NULL!,2012,0
ANSI,No,3000000,2005,1
ANV,Ongoing,#NULL!,2014,1
ANW,Yes,#NULL!,2011,0
ANZBY,Yes,#NULL!,2008,0
AOB,Ongoing,#NULL!,2012,1
AOL,Yes,#NULL!,2012,0
AONE,Ongoing,#NULL!,2013,1
APC,No,12500000,2010,1
APEI,Yes,#NULL!,2010,0
APN,No,2000000,2006,1
APOL,Yes,#NULL!,2014,0
APP,No,4800000,2010,1
APPY,Ongoing,#NULL!,2015,1
APSG,No,2700000,2005,1
APWR,No,3675000,2011,1
ARA,No,37500000,2008,1
ARAY,No,13500000,2009,1
ARB,No,7000000,2008,1
ARBX,Yes,#NULL!,2005,0
ARCI,Ongoing,#NULL!,2015,1
ARCP,Ongoing,#NULL!,2014,1
ARD,Yes,#NULL!,2010,0
ARIA,Ongoing,#NULL!,2013,1
ARNA,Ongoing,#NULL!,2010,1
ARO,No,15000000,2011,1
ARTC,No,74000000,2008,1
ARTX,No,2900000,2007,1
ARUN,Ongoing,#NULL!,2013,1
ARWR,Ongoing,#NULL!,2014,1
ASGRE,No,10500000,2006,1
ASN,Yes,#NULL!,2008,0
ASPS,Ongoing,#NULL!,2014,1
AT,Ongoing,#NULL!,2013,1
ATEA,Yes,#NULL!,2006,0
ATEC,Yes,#NULL!,2010,0
ATHN,Yes,#NULL!,2010,0
ATHR,Yes,#NULL!,2011,0
ATOS,Ongoing,#NULL!,2013,1
ATPAQ,Ongoing,#NULL!,2013,1
ATRC,No,2750000,2008,1
ATSC,Yes,#NULL!,2012,0
ATSI,Yes,#NULL!,2010,0
ATYT,Yes,#NULL!,2005,0
AUTH,Yes,#NULL!,2008,0
AV,Yes,#NULL!,2005,0
AVEO,Ongoing,#NULL!,2013,1
AVID,Ongoing,#NULL!,2013,1
AVNR,Yes,#NULL!,2009,0
AVP,Ongoing,#NULL!,2011,1
AXDX,Ongoing,#NULL!,2015,1
AXE,Yes,#NULL!,2009,0
AXP,Ongoing,#NULL!,2015,1
AXST,Ongoing,#NULL!,2014,1
AXSYS,Yes,#NULL!,2010,0
AXYX,Yes,#NULL!,2005,0
AZN,Yes,#NULL!,2005,0
AZPN,Yes,#NULL!,2006,0
BA,Yes,#NULL!,2009,0
BABA,Ongoing,#NULL!,2015,1
BAC,No,2425000000,2009,1
BAH,Yes,#NULL!,2013,0
BAK,Ongoing,#NULL!,2015,1
BARE,Yes,#NULL!,2009,0
BAX,Ongoing,#NULL!,2010,1
BBC,Yes,#NULL!,2006,0
BBDC,No,3750000,2006,1
BBDSVB.T,Yes,#NULL!,2005,0
BBI,Yes,#NULL!,2005,0
BBLKF,Yes,#NULL!,2008,0
BBLU,Ongoing,#NULL!,2014,1
BBND,No,11000000,2007,1
BBRY,Ongoing,#NULL!,2013,1
BBSI,Ongoing,#NULL!,2014,1
BBX,Yes,#NULL!,2007,0
BBY,Ongoing,#NULL!,2011,1
BCGI,Yes,#NULL!,2005,0
BCOR,Yes,#NULL!,2014,0
BCS,Ongoing,#NULL!,2014,1
BCS.PR,Ongoing,#NULL!,2009,1
BCS.PRC,Yes,#NULL!,2009,0
BCS.PRD,Yes,#NULL!,2009,0
BCSI,Yes,#NULL!,2011,0
BDBD,Ongoing,#NULL!,2015,1
BDY,No,3500000,2005,1
BE,No,7500000,2005,1
BEAT,Yes,#NULL!,2010,0
BEC,No,5500000,2010,1
BEXP,Yes,#NULL!,2011,0
BGC,Ongoing,#NULL!,2013,1
BHIP,No,2750000,2006,1
BICO,No,375000,2005,1
BIDZ,No,#NULL!,2009,1
BIG,Ongoing,#NULL!,2012,1
BIIB,Yes,#NULL!,2005,0
BIOL,Ongoing,#NULL!,2013,1
BIOS,Ongoing,#NULL!,2013,1
BIVN,Yes,#NULL!,2007,0
BIZM,Ongoing,#NULL!,2014,1
BJ,Yes,#NULL!,2011,0
BK,Ongoing,#NULL!,2011,1
BKFG,Yes,#NULL!,2007,0
BKR,No,4500000,2008,1
BKS,Yes,#NULL!,2014,0
BKUNA,No,3000000,2008,1
BLOX,Ongoing,#NULL!,2014,1
BLUD,No,3900000,2009,1
BMTI,Yes,#NULL!,2011,0
BMY,No,125000000,2007,1
BNNY,Ongoing,#NULL!,2014,1
BODY,Ongoing,#NULL!,2012,1
BOL,Yes,#NULL!,2006,0
BOX,Ongoing,#NULL!,2013,1
BP,Ongoing,#NULL!,2010,1
BPAX,Yes,#NULL!,2012,0
BPI,Ongoing,#NULL!,2015,1
BPOP,No,37500000,2009,1
BPT,No,43250000,2006,1
BQI,No,10235000,2011,1
BRCD,No,160000000,2005,1
BRCM,No,160500000,2006,1
BRKS,No,7750000,2006,1
BRLC,No,10000000,2007,1
BRVO,Yes,#NULL!,2007,0
BSC,No,275000000,2008,1
BSX,Yes,#NULL!,2010,0
BTH,Ongoing,#NULL!,2012,1
BTRX,Yes,#NULL!,2005,0
BUCA,No,1600000,2005,1
BUCY,Yes,#NULL!,2010,0
BVF,Yes,#NULL!,2008,0
BWEN,No,3915000,2011,1
BWTR,No,7000000,2007,1
BX,No,85000000,2008,1
BXC,Yes,#NULL!,2010,0
BXS,No,29250000,2010,1
BZH,No,30500000,2007,1
C,No,590000000,2007,1
C.D. Cal,Yes,#NULL!,2007,0
CAAS,Ongoing,#NULL!,2011,1
CACS,No,7400000,2005,1
CAFE,Yes,#NULL!,2005,0
CAG,Yes,#NULL!,2005,0
CAGC,Yes,#NULL!,2012,0
CALL,Yes,#NULL!,2013,0
CAMT,Yes,#NULL!,2008,0
CANV,Ongoing,#NULL!,2014,1
CAO,No,10000000,2006,1
CAOLF.PK,Yes,#NULL!,2005,0
CARYF,Yes,#NULL!,2011,0
CASH,No,2100000,2010,1
CAST,Yes,#NULL!,2012,0
CBC,Yes,#NULL!,2005,0
CBDE,Ongoing,#NULL!,2014,1
CBEH,Ongoing,#NULL!,2011,1
CBEY,No,2300000,2008,1
CBF,Yes,#NULL!,2007,0
CBI,No,10500000,2006,1
CBMG,Ongoing,#NULL!,2015,1
CBR,No,3000000,2011,1
CBRX,Yes,#NULL!,2012,0
CBS,Yes,#NULL!,2008,0
CCCL,Ongoing,#NULL!,2014,1
CCCR,Ongoing,#NULL!,2014,1
CCE,Yes,#NULL!,2006,0
CCME,Ongoing,#NULL!,2011,1
CCRT,Yes,#NULL!,2008,0
CDM,No,260000,2011,1
CDNS,No,38000000,2008,1
CDSS,Yes,#NULL!,2005,0
CDWC,No,#NULL!,2007,1
CDZI,Ongoing,#NULL!,2015,1
CECO,No,27500000,2012,1
CEDC,No,1150000,2011,1
CEG,No,4000000,2008,1
CELL,No,#NULL!,2012,1
CELM,No,2750000,2011,1
CENX,Yes,#NULL!,2009,0
CEO,Yes,#NULL!,2012,0
CESV,Yes,#NULL!,2006,0
CEU,No,2425000,2010,1
CFC,No,500000000,2010,1
CFHI,No,6349000,2007,1
CFMS,Ongoing,#NULL!,2015,1
CFSG,Yes,#NULL!,2011,0
CFW,Yes,#NULL!,2008,0
CGA,No,2500000,2010,1
CGC,Yes,#NULL!,2010,0
CHBT,Ongoing,#NULL!,2010,1
CHE,No,6000000,2012,1
CHH,Yes,#NULL!,2007,0
CHK,Yes,#NULL!,2012,0
CHME,No,700000,2011,1
CHNG,Ongoing,#NULL!,2012,1
CHOP,Ongoing,#NULL!,2014,1
CHRD,Yes,#NULL!,2010,0
CHTP,Ongoing,#NULL!,2014,1
CHTR,Yes,#NULL!,2009,0
CHW,Yes,#NULL!,2008,0
CHYS,Yes,#NULL!,2008,0
CIBH.PK,No,3400000,2005,1
CIE,Ongoing,#NULL!,2014,1
CIL,Yes,#NULL!,2011,0
CIPHE,Yes,#NULL!,2005,0
CIS,Ongoing,#NULL!,2012,1
CISG,No,6625000,2011,1
CIT,No,75000000,2008,1
CITZ,Ongoing,#NULL!,2013,1
CKC,No,12262500,2005,1
CKFR,Yes,#NULL!,2007,0
CLDN,Ongoing,#NULL!,2015,1
CLF,Ongoing,#NULL!,2014,1
CLS,Ongoing,#NULL!,2007,1
CLZR,No,3850000,2008,1
CM,Yes,#NULL!,2008,0
CMED,Yes,#NULL!,2011,0
CMG,Yes,#NULL!,2012,0
CMGE,Ongoing,#NULL!,2014,1
CML,Yes,#NULL!,2010,0
CMLP,Ongoing,#NULL!,2013,1
CMTL,Yes,#NULL!,2009,0
CMVT,No,225000000,2006,1
CNB,No,10500000,2009,1
CNC,Yes,#NULL!,2012,0
CNCT,No,12750000,2006,1
CNEP,Ongoing,#NULL!,2014,1
CNO,Yes,#NULL!,2009,0
CNOA,No,600000,2008,1
COCO,Ongoing,#NULL!,2013,1
COGT,Yes,#NULL!,2010,0
COH,Yes,#NULL!,2009,0
COHM.PK,Yes,#NULL!,2011,0
COI,Yes,#NULL!,2005,0
COLE,Ongoing,#NULL!,2013,1
CONN,Ongoing,#NULL!,2014,1
COO,No,27000000,2006,1
COOL,No,#NULL!,2005,1
CORS,No,10000000,2009,1
COTY,Ongoing,#NULL!,2014,1
COV,Ongoing,#NULL!,2014,1
COVS,Ongoing,#NULL!,2014,1
CPD,No,2975000,2009,1
CPKI,Yes,#NULL!,2011,0
CPLA,Yes,#NULL!,2010,0
CPO,No,6600000,2005,1
CPRX,Ongoing,#NULL!,2013,1
CPS,No,10000000,2005,1
CPWM,No,#NULL!,2012,1
CPY,Yes,#NULL!,2012,0
CPYJ.PK,Yes,#NULL!,2005,0
CRA,No,24750000,2010,1
CRAY,Yes,#NULL!,2005,0
CRE,Yes,#NULL!,2007,0
CRI,No,20000000,2008,1
CRMD,Ongoing,#NULL!,2015,1
CRMH,Yes,#NULL!,2010,0
CRMY,Yes,#NULL!,2009,0
CROX,No,10000000,2007,1
CRR,Ongoing,#NULL!,2012,1
CRRS,Ongoing,#NULL!,2015,1
CRUS,Yes,#NULL!,2013,0
CS,No,70000000,2008,1
CSC,No,97500000,2011,1
CSCO,Yes,#NULL!,2011,0
CSFS,Ongoing,#NULL!,2013,1
CSIQ,Yes,#NULL!,2010,0
CSKI,Yes,#NULL!,2012,0
CSR,Yes,#NULL!,2011,0
CSTE,Ongoing,#NULL!,2015,1
CSTR,No,6000000,2011,1
CSUN,Yes,#NULL!,2007,0
CTB,Ongoing,#NULL!,2014,1
CTCT,Ongoing,#NULL!,2015,1
CTE,No,#NULL!,2011,1
CTIC,No,19000000,2010,1
CTIX,Ongoing,#NULL!,2015,1
CTL,Ongoing,#NULL!,2013,1
CTP,Ongoing,#NULL!,2015,1
CTRX,Ongoing,#NULL!,2015,1
CTV,Yes,#NULL!,2010,0
CUTR,Yes,#NULL!,2007,0
CV,Yes,#NULL!,2011,0
CVBF,Yes,#NULL!,2010,0
CVC,Yes,#NULL!,2012,0
CVGW,Ongoing,#NULL!,2015,1
CVH,No,10000000,2009,1
CVLT,Ongoing,#NULL!,2014,1
CVS,Ongoing,#NULL!,2009,1
CVVT,Ongoing,#NULL!,2011,1
CWBS,Ongoing,#NULL!,2013,1
CWH,Ongoing,#NULL!,2012,1
CXDC,Ongoing,#NULL!,2014,1
CXR,Yes,#NULL!,2009,0
CXTI,No,4200000,2007,1
CYBX,Yes,#NULL!,2005,0
CYH,Ongoing,#NULL!,2011,1
CYTR,Ongoing,#NULL!,2014,1
DAKT,Yes,#NULL!,2008,0
DB,No,#NULL!,2011,1
DBD,No,#NULL!,2010,1
DCN,Ongoing,#NULL!,2010,1
DCTH,Ongoing,#NULL!,2013,1
DDD,Ongoing,#NULL!,2015,1
DDMG,Ongoing,#NULL!,2012,1
DECK,Yes,#NULL!,2012,0
DEEP,No,1900000,2008,1
DEER,No,2125000,2011,1
DELL,No,#NULL!,2006,1
DEP,Yes,#NULL!,2011,0
DGIT,No,2000000,2010,1
DGSE,No,1700000,2012,1
DGW,No,5150000,2010,1
DHB,No,35200000,2005,1
DIL,No,4800000,2007,1
DIOD,Ongoing,#NULL!,2013,1
DISH,Yes,#NULL!,2005,0
DITC,Yes,#NULL!,2005,0
DJSP,Yes,#NULL!,2010,0
DLLR,Ongoing,#NULL!,2013,1
DLM,Yes,#NULL!,2010,0
DM,Ongoing,#NULL!,2014,1
DMND,No,11000000,2011,1
DNA,Yes,#NULL!,2009,0
DNDN,No,40000000,2011,1
DNR,Ongoing,#NULL!,2010,1
DPH,No,284100100,2005,1
DPTR,Yes,#NULL!,2012,0
DRCT,No,14940000,2005,1
DRI,Yes,#NULL!,2008,0
DRL,No,129000000,2005,1
DROOY,Yes,#NULL!,2005,0
DRYS,Yes,#NULL!,2011,0
DSCO,Yes,#NULL!,2006,0
DSKY,Ongoing,#NULL!,2015,1
DSL,Yes,#NULL!,2008,0
DUK,Ongoing,#NULL!,2012,1
DV,Yes,#NULL!,2010,0
DVAX,Ongoing,#NULL!,2013,1
DVOX,Yes,#NULL!,2010,0
DWA,Ongoing,#NULL!,2014,1
DWSN,Yes,#NULL!,2015,0
DYN,Yes,#NULL!,2012,0
DYP,No,4300000,2010,1
EA,Ongoing,#NULL!,2013,1
EAD,Yes,#NULL!,2008,0
EBIX,No,6500000,2011,1
EBR,Ongoing,#NULL!,2015,1
ECOM,Ongoing,#NULL!,2015,1
ECTY,Ongoing,#NULL!,2013,1
ECYT,Ongoing,#NULL!,2014,1
EDAP,Ongoing,#NULL!,2014,1
EDMC,Ongoing,#NULL!,2014,1
EDU,Yes,#NULL!,2012,0
EFSC,Yes,#NULL!,2012,0
EGMI,Ongoing,#NULL!,2010,1
EHTH,Ongoing,#NULL!,2015,1
EIGI,Ongoing,#NULL!,2015,1
EIHI,Ongoing,#NULL!,2013,1
EIX,Ongoing,#NULL!,2015,1
EK,Yes,#NULL!,2012,0
EKS,Yes,#NULL!,2010,0
EL,Yes,#NULL!,2006,0
ELN,Ongoing,#NULL!,2012,1
ELX,Ongoing,#NULL!,2015,1
EM,Yes,#NULL!,2011,0
EMKR,Yes,#NULL!,2008,0
EMMS,Yes,#NULL!,2010,0
ENCY,Yes,#NULL!,2006,0
ENERQ,Ongoing,#NULL!,2013,1
ENOC,Yes,#NULL!,2008,0
ENP,Yes,#NULL!,2011,0
ENVI,Ongoing,#NULL!,2012,1
ENZY,Ongoing,#NULL!,2014,1
EPAX,No,7500000,2009,1
EPIC,Yes,#NULL!,2011,0
EPIX,Yes,#NULL!,2005,0
EPOC,Ongoing,#NULL!,2013,1
EQIX,Yes,#NULL!,2011,0
ERIC,Yes,#NULL!,2007,0
ERIF.OB,No,5234277.17,2006,1
ERII,Ongoing,#NULL!,2015,1
ERTS,Yes,#NULL!,2005,0
ES,No,26000000,2009,1
ESBF,No,#NULL!,2014,1
ESCL,No,6000000,2006,1
ESI,Ongoing,#NULL!,2014,1
ESIC,Yes,#NULL!,2012,0
ESPD,Yes,#NULL!,2005,0
ETFC,No,79000000,2007,1
ETN,Yes,#NULL!,2012,0
ETSY,Ongoing,#NULL!,2015,1
EUBAX,No,25000000,2008,1
EVCI,No,7725000,2005,1
EVRY,Ongoing,#NULL!,2014,1
EW,Ongoing,#NULL!,2013,1
EXBX,Yes,#NULL!,2010,0
EXPE,Ongoing,#NULL!,2013,1
EYE,Yes,#NULL!,2007,0
EZPW,Ongoing,#NULL!,2015,1
F1S,Yes,#NULL!,2010,0
FAF,Yes,#NULL!,2008,0
FALC,No,5000000,2010,1
FARO,No,6875000,2005,1
FAZ,No,8000000,2009,1
FB,Ongoing,#NULL!,2012,1
FBC,Ongoing,#NULL!,2014,1
FBN,Ongoing,#NULL!,2013,1
FBP,No,74250000,2005,1
FBR,Yes,#NULL!,2005,0
FBTX,Yes,#NULL!,2008,0
FCAU,Ongoing,#NULL!,2015,1
FCEN,Yes,#NULL!,2011,0
FCSX,No,4250000,2008,1
FDO,Ongoing,#NULL!,2013,1
FEED,Ongoing,#NULL!,2011,1
FEYE,Ongoing,#NULL!,2014,1
FFH,Yes,#NULL!,2011,0
FFHL,No,#NULL!,2007,1
FFN,Yes,#NULL!,2011,0
FHI,No,5000000,2008,1
FIM,Yes,#NULL!,2008,0
FIO,Ongoing,#NULL!,2013,1
FIRE,No,3200000,2007,1
FITB,No,16000000,2008,1
FIVE,Yes,#NULL!,2015,0
FLE,Yes,#NULL!,2009,0
FLML,Yes,#NULL!,2007,0
FMCN,No,3700000,2011,1
FMD,Ongoing,#NULL!,2013,1
FMFC,Ongoing,#NULL!,2013,1
FMT,Yes,#NULL!,2007,0
FNM,Ongoing,#NULL!,2008,1
FNRG,Ongoing,#NULL!,2015,1
FNSR,Yes,#NULL!,2011,0
FORD,Yes,#NULL!,2006,0
FORM,Yes,#NULL!,2007,0
FORSY,Yes,#NULL!,2008,0
FOX,No,#NULL!,2005,1
FOXH,Yes,#NULL!,2006,0
FRAN,Ongoing,#NULL!,2013,1
FRE,Ongoing,#NULL!,2007,1
FRE-Z,Yes,#NULL!,2008,0
FRGB,No,5500000,2010,1
FRPT,No,24000000,2008,1
FRX,No,65000000,2005,1
FRZ,Ongoing,#NULL!,2008,1
FSIN,Yes,#NULL!,2011,0
FSLR,Ongoing,#NULL!,2012,1
FST,Yes,#NULL!,2014,0
FTBK,Yes,#NULL!,2010,0
FTK,Yes,#NULL!,2009,0
FU,Ongoing,#NULL!,2013,1
FUEL,Ongoing,#NULL!,2014,1
FUN,Yes,#NULL!,2010,0
FUQI,Ongoing,#NULL!,2010,1
FUSFX,No,23600000,2008,1
FWHT,Yes,#NULL!,2005,0
FWM,Ongoing,#NULL!,2014,1
FXCM,Ongoing,#NULL!,2015,1
FXEN,Yes,#NULL!,2007,0
GA,No,13000000,2007,1
GALE,Ongoing,#NULL!,2014,1
GALT,Ongoing,#NULL!,2014,1
GAPTQ,No,9000000,2011,1
GAS,Ongoing,#NULL!,2015,1
GCA,No,5850000,2008,1
GCO,Yes,#NULL!,2007,0
GCT,No,8750000,2006,1
GCVRZ,Ongoing,#NULL!,2013,1
GDOT,Yes,#NULL!,2012,0
GDT,Yes,#NULL!,2005,0
GE,No,40000000,2009,1
GENT,Ongoing,#NULL!,2014,1
GENZ,Yes,#NULL!,2010,0
GEOS,Yes,#NULL!,2013,0
GERN,Ongoing,#NULL!,2014,1
GFC,No,1372000,2011,1
GFIG,Ongoing,#NULL!,2014,1
GFRE,No,2125000,2011,1
GGP,No,15500000,2008,1
GGS,Ongoing,#NULL!,2014,1
GIL,Yes,#NULL!,2008,0
GLBL,Yes,#NULL!,2011,0
GLDD,Ongoing,#NULL!,2013,1
GLGL,Yes,#NULL!,2011,0
GLPW,Ongoing,#NULL!,2015,1
GM,No,303000000,2005,1
GMCR,Ongoing,#NULL!,2015,1
GMR,Yes,#NULL!,2012,0
GMTN,Yes,#NULL!,2005,0
GMXR,Yes,#NULL!,2011,0
GNVC,Yes,#NULL!,2012,0
GNW,Ongoing,#NULL!,2014,1
GORO,Yes,#NULL!,2012,0
GPCB,Yes,#NULL!,2007,0
GPIC,Yes,#NULL!,2007,0
GRNB,No,1750000,2010,1
GRO,No,3750000,2008,1
GRPN,Ongoing,#NULL!,2013,1
GRVY,No,5000000,2005,1
GS,Ongoing,#NULL!,2010,1
GSAT,No,15000000,2007,1
GSIG,No,3250000,2008,1
GSK,Yes,#NULL!,2007,0
GTAT,Ongoing,#NULL!,2014,1
GTE,No,2300000,2006,1
GTI,Yes,#NULL!,2006,0
GTIV,Ongoing,#NULL!,2010,1
GXDX,No,7700000,2010,1
HANS,No,16250000,2008,1
HAR,Ongoing,#NULL!,2007,1
HAST,Yes,#NULL!,2014,0
HBAN,Yes,#NULL!,2008,0
HCA,Ongoing,#NULL!,2011,1
HCC,No,10000000,2007,1
HCLP,No,3800000,2012,1
HD,Yes,#NULL!,2006,0
HDI,Yes,#NULL!,2005,0
HDNG,Yes,#NULL!,2008,0
HDY,Ongoing,#NULL!,2014,1
HEARQ,No,#NULL!,2012,1
HEAT,Ongoing,#NULL!,2012,1
HEB,No,3600000,2009,1
HEK,No,27000000,2010,1
HELE,No,4500000,2005,1
HELI,Ongoing,#NULL!,2015,1
HEV,No,4200000,2011,1
HGR,Ongoing,#NULL!,2014,1
HGSI,Yes,#NULL!,2011,0
HIG,Yes,#NULL!,2010,0
HILL,Yes,#NULL!,2006,0
HIMX,No,1200000,2007,1
HK,Yes,#NULL!,2011,0
HL,Yes,#NULL!,2012,0
HLF,Ongoing,#NULL!,2014,1
HLSS,Ongoing,#NULL!,2015,1
HLX,Ongoing,#NULL!,2015,1
HLYS,No,7500000,2007,1
HMA,Ongoing,#NULL!,2012,1
HMB,Yes,#NULL!,2007,0
HMY,No,9000000,2008,1
HNBC,Yes,#NULL!,2010,0
HNR,Ongoing,#NULL!,2013,1
HNSN,No,8500000,2009,1
HOM,No,5100000,2007,1
HOO,Yes,#NULL!,2010,0
HOS,Yes,#NULL!,2007,0
HOTR,Ongoing,#NULL!,2012,1
HOTT,Ongoing,#NULL!,2013,1
HOV,No,4000000,2007,1
HPQ,No,57000000,2011,1
HPY,Yes,#NULL!,2009,0
HQS,No,2750000,2011,1
HRB,Yes,#NULL!,2008,0
HRH,Yes,#NULL!,2005,0
HRLY,No,10000000,2006,1
HRZ,Yes,#NULL!,2008,0
HSP,No,60000000,2011,1
HSTX,No,8900000,2008,1
HTCH,Yes,#NULL!,2005,0
HTZ,Ongoing,#NULL!,2014,1
HUFCQ.PK,No,#NULL!,2005,1
HUM,Yes,#NULL!,2008,0
HUN,Yes,#NULL!,2008,0
HURN,No,27000000,2009,1
HUSA,Ongoing,#NULL!,2012,1
HWAY,Yes,#NULL!,2008,0
HYC,Yes,#NULL!,2005,0
HYRF.OB,No,4250000,2005,1
IBIN,Yes,#NULL!,2009,0
IBIO,Ongoing,#NULL!,2014,1
IBM,No,20000000,2005,1
ICLD,Ongoing,#NULL!,2014,1
ICO,Yes,1375000,2007,0
ICON,Ongoing,#NULL!,2015,1
ICPT,Ongoing,#NULL!,2014,1
ICXT,No,#NULL!,2010,1
IDARQ,No,33750000,2009,1
IDI,No,2750000,2010,1
IEAM,No,3800000,2007,1
IEC,Ongoing,#NULL!,2013,1
IFIN,Yes,#NULL!,2005,0
IFO,No,3800000,2006,1
IFT,No,13600000,2011,1
IGT,No,12500000,2009,1
IGTE,Yes,#NULL!,2013,0
IIG,No,2800000,2005,1
IKAN,No,5000000,2006,1
IL,Ongoing,#NULL!,2011,1
ILE,No,4400000,2005,1
IMA,Yes,#NULL!,2008,0
IMAX,No,12000000,2006,1
IMB,No,6500000,2008,1
IMGV.PK,No,575000,2006,1
IMH,Yes,#NULL!,2011,0
IMMR,Yes,#NULL!,2009,0
IMMU,Ongoing,#NULL!,2014,1
IMPV,Ongoing,#NULL!,2014,1
IMYN,Yes,#NULL!,2009,0
INAP,No,9500000,2008,1
INCY,Ongoing,#NULL!,2013,1
INGN,Yes,#NULL!,2015,0
INPC,Yes,#NULL!,2007,0
INSY,Ongoing,#NULL!,2013,1
INTL,Ongoing,#NULL!,2014,1
INVN,Ongoing,#NULL!,2015,1
INWK,Ongoing,#NULL!,2014,1
IO,Yes,#NULL!,2005,0
IOTN,No,5300000,2006,1
IPAS,Yes,#NULL!,2005,0
IPI,Yes,#NULL!,2009,0
IPSU,Yes,#NULL!,2011,0
IPXL,No,4750000,2014,1
IQNT,Ongoing,#NULL!,2013,1
IRF,No,90000000,2007,1
IRG,Ongoing,#NULL!,2012,1
IRMD,Ongoing,#NULL!,2014,1
ISF,Yes,#NULL!,2009,0
ISIS,Yes,#NULL!,2012,0
ISLN,No,15000000,2007,1
ISPH,Yes,#NULL!,2005,0
ISR,Ongoing,#NULL!,2015,1
ISRG,Ongoing,#NULL!,2013,1
ISYS,Yes,#NULL!,2008,0
ITG,Ongoing,#NULL!,2015,1
ITRI,Yes,#NULL!,2011,0
ITYC,Yes,#NULL!,2008,0
IVC,Ongoing,#NULL!,2013,1
IYXI,No,1100000,2008,1
JADE,No,2000000,2007,1
JAH,No,8000000,2006,1
JAKK,Ongoing,#NULL!,2013,1
JASO,No,4500000,2008,1
JBII,Ongoing,#NULL!,2011,1
JBL,Yes,#NULL!,2006,0
JCG,Yes,#NULL!,2010,0
JCP,Ongoing,#NULL!,2013,1
JGBO,Yes,#NULL!,2011,0
JKS,Yes,#NULL!,2011,0
JMEI,Ongoing,#NULL!,2014,1
JNJ,No,22900000,2010,1
JNPR,No,169000000,2006,1
JOBS,Yes,#NULL!,2005,0
JOE,Yes,#NULL!,2010,0
JOSB,No,4000000,2006,1
JPM,Ongoing,#NULL!,2012,1
JRJC,Ongoing,#NULL!,2015,1
JSDA,Yes,#NULL!,2007,0
KBR,Ongoing,#NULL!,2014,1
KCAP,Yes,#NULL!,2009,0
KCG,Yes,#NULL!,2012,0
KEG,Ongoing,#NULL!,2014,1
KERX,Ongoing,#NULL!,2013,1
KEYP,Ongoing,#NULL!,2011,1
KFN,Yes,#NULL!,2008,0
KGC,Ongoing,#NULL!,2012,1
KID,Yes,#NULL!,2011,0
KIOR,Ongoing,#NULL!,2013,1
KITD,No,6001999,2012,1
KLAC,No,65000000,2006,1
KMX,Yes,#NULL!,2008,0
KNXA,Yes,#NULL!,2009,0
KO,Yes,#NULL!,2005,0
KOS,No,10200000,2012,1
KOSS,No,1000000,2010,1
KRB,No,25000000,2005,1
KRFT,Ongoing,#NULL!,2015,1
KRY,Yes,#NULL!,2008,0
KSP,Yes,#NULL!,2012,0
KSS,Ongoing,#NULL!,2013,1
KSU,Ongoing,#NULL!,2014,1
KUN,No,800000,2008,1
KV,Ongoing,#NULL!,2011,1
KVA,No,12800000,2008,1
LAS,Ongoing,#NULL!,2015,1
LAVA,No,13500000,2005,1
LAZ,Yes,#NULL!,2005,0
LBSV,Ongoing,#NULL!,2013,1
LCAV,Yes,#NULL!,2007,0
LCI,Yes,#NULL!,2014,0
LCRD,Yes,#NULL!,2011,0
LDIS,No,4200000,2005,1
LDK,No,16000000,2007,1
LEAP,No,13750000,2007,1
LEDS,Ongoing,#NULL!,2013,1
LEH,Ongoing,#NULL!,2008,1
LEND,No,22000000,2007,1
LF,Ongoing,#NULL!,2015,1
LFT,No,#NULL!,2011,1
LGF,Ongoing,#NULL!,2014,1
LHCG,Ongoing,#NULL!,2012,1
LHSP,Yes,#NULL!,2005,0
LIME,No,2500000,2012,1
LINC,Yes,#NULL!,2010,0
LINK,No,5000000,2005,1
LIQD,Ongoing,#NULL!,2015,1
LITB,Ongoing,#NULL!,2013,1
LIWA,Ongoing,#NULL!,2014,1
LIZ,Yes,#NULL!,2009,0
LL,Ongoing,#NULL!,2014,1
LLEN,Ongoing,#NULL!,2013,1
LLL,Ongoing,#NULL!,2014,1
LLNW,No,1900000,2007,1
LLY,Yes,#NULL!,2007,0
LM,Yes,#NULL!,2006,0
LMT,No,19500000,2011,1
LNCE,Yes,#NULL!,2010,0
LNCO,Ongoing,#NULL!,2013,1
LOCK,Ongoing,#NULL!,2015,1
LOCO,Ongoing,#NULL!,2015,1
LOGI,Yes,#NULL!,2011,0
LOUD,Yes,#NULL!,2006,0
LPH,Ongoing,#NULL!,2013,1
LPHI,Ongoing,#NULL!,2011,1
LPL,No,18000000,2007,1
LPMA,Yes,#NULL!,2005,0
LPR,Ongoing,#NULL!,2012,1
LPS,No,14000000,2010,1
LQDT,Ongoing,#NULL!,2014,1
LRN,No,6750000,2012,1
LTD,Yes,#NULL!,2009,0
LTM,Ongoing,#NULL!,2015,1
LULU,Yes,#NULL!,2013,0
LUM,No,8000000,2007,1
LVLT,Yes,#NULL!,2009,0
LVS,Ongoing,#NULL!,2010,1
LWSN,Yes,#NULL!,2011,0
LYG,Yes,#NULL!,2011,0
M,Yes,#NULL!,2007,0
MAKO,Yes,#NULL!,2012,0
MAMA,No,3150000,2005,1
MATK,No,6000000,2005,1
MBI,Yes,#NULL!,2005,0
MBII,Ongoing,#NULL!,2014,1
MBLX,Yes,#NULL!,2012,0
MCCC,Yes,#NULL!,2010,0
MCO,Ongoing,#NULL!,2007,1
MCOX,Ongoing,#NULL!,2010,1
MCP,Ongoing,#NULL!,2013,1
MDBX,Ongoing,#NULL!,2015,1
MDCA,Ongoing,#NULL!,2015,1
MDCO,Ongoing,#NULL!,2014,1
MDOR,Yes,#NULL!,2011,0
MDR,Ongoing,#NULL!,2013,1
MDRX,No,10150000,2009,1
MDT,No,85000000,2008,1
MDTL,Yes,#NULL!,2007,0
MDVN,Yes,#NULL!,2010,0
MDXG,Ongoing,#NULL!,2013,1
MEAD,No,2950000,2006,1
MED,Yes,#NULL!,2011,0
MEDX,No,#NULL!,2009,1
MEE,No,265000000,2010,1
MELA,Yes,#NULL!,2010,0
MEND,Yes,#NULL!,2007,0
MER,No,150000000,2007,1
MERQ,No,#NULL!,2005,1
MET,Ongoing,#NULL!,2012,1
MF,No,90000000,2008,1
MFC,Yes,#NULL!,2009,0
MFGLQ,Ongoing,#NULL!,2011,1
MGA,Yes,#NULL!,2012,0
MGI,No,80000000,2008,1
MGM,Ongoing,#NULL!,2009,1
MHP,Yes,#NULL!,2007,0
MHR,Ongoing,#NULL!,2013,1
MIG,Ongoing,#NULL!,2013,1
MIK,Yes,#NULL!,2006,0
MILL,Ongoing,#NULL!,2011,1
MITI,Yes,#NULL!,2012,0
MIX,No,45000000,2006,1
MLNK,Ongoing,#NULL!,2012,1
MLNX,Ongoing,#NULL!,2013,1
MLS,No,202750000,2006,1
MM,Ongoing,#NULL!,2014,1
MNDO,Yes,#NULL!,2009,0
MNKD,No,16000000,2011,1
MNST,No,47500000,2007,1
MOBL,Ongoing,#NULL!,2015,1
MODN,Ongoing,#NULL!,2014,1
MOH,Yes,#NULL!,2005,0
MOLG,Ongoing,#NULL!,2014,1
MOLX,No,10500000,2005,1
MONT,Ongoing,#NULL!,2014,1
MOT,No,3150000,2010,1
MOTR,Yes,#NULL!,2011,0
MOTV,No,7000000,2005,1
MOV,Ongoing,#NULL!,2015,1
MR,Yes,#NULL!,2011,0
MRGE,No,16000000,2006,1
MRK,No,215000000,2008,1
MRVC,No,10000000,2008,1
MRVL,No,72000000,2006,1
MRX,No,18000000,2008,1
MS,No,95000000,2008,1
MSFT,Ongoing,#NULL!,2013,1
MSX,Yes,#NULL!,2009,0
MTEX,No,11250000,2005,1
MTG,Yes,#NULL!,2008,0
MTL,Yes,#NULL!,2009,0
MTXX,No,4500000,2009,1
MTZ,Ongoing,#NULL!,2015,1
MU,No,42000000,2006,1
MW,Yes,#NULL!,2009,0
MWY,Yes,#NULL!,2007,0
MX,Ongoing,#NULL!,2015,1
MXPT,Ongoing,#NULL!,2015,1
MXWL,Ongoing,#NULL!,2013,1
MYG,Yes,#NULL!,2005,0
N.D. Cal,No,125000000,2009,1
NAFC,No,6750000,2005,1
NATRE,No,6000000,2006,1
NAV,Ongoing,13000000,2007,1
NAVR,No,7200000,2005,1
NBIX,Yes,#NULL!,2007,0
NCC,No,11000000,2008,1
NCTY,Yes,#NULL!,2009,0
NDN,Yes,#NULL!,2011,0
NED,No,1750000,2008,1
NEI,Ongoing,#NULL!,2012,1
NEM,No,15000000,2005,1
NEP,Yes,#NULL!,2010,0
NEPT,Yes,#NULL!,2012,0
NES,Ongoing,#NULL!,2013,1
NEW,No,125000000,2007,1
New York,No,280000000,2008,1
NEWN,Ongoing,#NULL!,2012,1
NEXC,No,4000000,2008,1
NFI,Yes,#NULL!,2007,0
NFLD,No,1500000,2006,1
NFLX,Yes,#NULL!,2013,0
NFP,Yes,#NULL!,2013,0
NG,No,28000000,2008,1
NGSX,Ongoing,#NULL!,2012,1
NHWK,No,650000,2009,1
NICK,Yes,#NULL!,2014,0
NIHD,Ongoing,#NULL!,2014,1
NIV,Yes,#NULL!,2011,0
NJR,Yes,#NULL!,2012,0
NLMP,No,1000000,2010,1
NLST,No,2600000,2007,1
NOK,Ongoing,#NULL!,2012,1
NOVL,Yes,#NULL!,2010,0
NPSP,No,15000000,2006,1
NQ,Ongoing,#NULL!,2013,1
NR,No,9240000,2006,1
NRGP,Yes,#NULL!,2010,0
NSIT,Yes,#NULL!,2009,0
NSM,Ongoing,#NULL!,2015,1
NSR,Ongoing,#NULL!,2014,1
NSTC,Yes,#NULL!,2011,0
NSU,Ongoing,#NULL!,2012,1
NT,Ongoing,#NULL!,2009,1
NTBK,No,12500000,2007,1
NTE,Yes,#NULL!,2013,0
NTRI,Yes,#NULL!,2007,0
NTRS,Yes,#NULL!,2010,0
NTRZ,No,1500000,2009,1
NTWK,Ongoing,#NULL!,2014,1
NTY,No,6000000,2010,1
NURO,Yes,#NULL!,2008,0
NUS,Ongoing,#NULL!,2014,1
NUVA,Ongoing,#NULL!,2013,1
NUVO,No,#NULL!,2007,1
NVDA,Yes,#NULL!,2008,0
NVEC,Yes,#NULL!,2006,0
NVIV,Ongoing,#NULL!,2014,1
NVLT,Yes,#NULL!,2010,0
NVS,Yes,#NULL!,2010,0
NVTL,No,16000000,2008,1
NWAC,Yes,#NULL!,2005,0
NWBEX,No,1150000,2005,1
NWBO,No,1000000,2007,1
NWPX,No,#NULL!,2009,1
NWS,Ongoing,#NULL!,2011,1
NYMX,Ongoing,#NULL!,2014,1
OCA,No,6500000,2005,1
OCLR,No,3700000,2011,1
OCN,Ongoing,#NULL!,2014,1
OCNF,Yes,#NULL!,2011,0
OCNW,No,12660000,2007,1
OCPN,No,#NULL!,2011,1
OCR,Yes,#NULL!,2011,0
OCZ,No,7500000,2012,1
ODP,Yes,#NULL!,2011,0
OFIX,Ongoing,#NULL!,2013,1
OMCL,Yes,#NULL!,2015,0
OMNI,No,#NULL!,2010,1
OMX,Yes,#NULL!,2005,0
ONDK,Ongoing,#NULL!,2015,1
ONE,Ongoing,#NULL!,2014,1
ONJAX,Ongoing,#NULL!,2009,1
ONP,No,2000000,2010,1
OPATX,Ongoing,#NULL!,2009,1
OPBL,Yes,#NULL!,2007,0
OPCAX,Yes,#NULL!,2009,0
OPCHX,No,52500000,2009,1
Open-end,No,54500000,2008,1
OPIGX,No,47500000,2009,1
OPNYX,No,17109000,2009,1
OPTAX,Ongoing,#NULL!,2009,1
OPTI,Yes,#NULL!,2012,0
OPTT,Ongoing,#NULL!,2014,1
OPWV,No,20000000,2007,1
OPX,No,2350000,2007,1
OPXT,No,2000000,2008,1
OPY,Ongoing,#NULL!,2008,1
ORA,No,3100000,2010,1
ORBC,No,2450000,2007,1
ORCH,Yes,#NULL!,2011,0
OREX,Ongoing,#NULL!,2015,1
ORNAX,Ongoing,#NULL!,2009,1
ORNG,No,1400000,2005,1
ORPH,Yes,#NULL!,2006,0
ORRF,Ongoing,#NULL!,2012,1
OSG,Ongoing,#NULL!,2012,1
OSIS,Ongoing,#NULL!,2013,1
OSK,Yes,#NULL!,2008,0
OTC-BB,No,26000000,2009,1
Other Fo,No,84600000,2007,1
OVAS,Ongoing,#NULL!,2013,1
OVTI,Ongoing,#NULL!,2011,1
OZM,Ongoing,#NULL!,2014,1
PAA,Ongoing,#NULL!,2015,1
PACB,Yes,#NULL!,2011,0
PARL,Yes,#NULL!,2006,0
PARS,No,7000000,2005,1
PAY,No,95000000,2007,1
PBH,No,#NULL!,2005,1
PBI,Yes,#NULL!,2009,0
PBR,Ongoing,#NULL!,2014,1
PBYI,Ongoing,#NULL!,2015,1
PCBC,Yes,#NULL!,2009,0
PCQ,Yes,#NULL!,2009,0
PCR,Yes,#NULL!,2008,0
PCRX,Ongoing,#NULL!,2014,1
PCS,Yes,#NULL!,2009,0
PCSV,No,665000,2010,1
PCX,Yes,#NULL!,2012,0
PDCO,Yes,#NULL!,2005,0
PDE,Yes,#NULL!,2011,0
PDGI,Yes,#NULL!,2008,0
PDLI,Ongoing,#NULL!,2014,1
PENN,Yes,#NULL!,2008,0
PETC,No,20250000,2005,1
PETD,Ongoing,#NULL!,2011,1
PFE,Ongoing,#NULL!,2010,1
PFFBQ,No,8250000,2009,1
PGEM,Ongoing,#NULL!,2014,1
PGIC,No,2800000,2005,1
PGN,Yes,#NULL!,2011,0
PGTV,No,2950000,2005,1
PGWC,Yes,#NULL!,2006,0
PHH,Yes,#NULL!,2006,0
PHMD,Ongoing,#NULL!,2013,1
PHOT,Ongoing,#NULL!,2014,1
PHR,No,16500000,2009,1
PIR,Ongoing,#NULL!,2015,1
PIXR,Yes,#NULL!,2005,0
PLB,No,3500000,2005,1
PLCE,No,12000000,2007,1
PLCM,Ongoing,#NULL!,2013,1
PLL,No,22500000,2007,1
PLXS,Yes,#NULL!,2007,0
PME,Ongoing,#NULL!,2014,1
PMI,No,31250000,2008,1
PMTR,No,#NULL!,2005,1
PNSN,No,6500000,2011,1
PNX,Ongoing,#NULL!,2013,1
PODD,Yes,#NULL!,2015,0
POOSF,Ongoing,#NULL!,2013,1
POSS,Yes,#NULL!,2005,0
POT,Yes,#NULL!,2010,0
POWR,Ongoing,#NULL!,2014,1
POZN,Yes,#NULL!,2007,0
PPC,No,1500000,2008,1
PPCO,Yes,#NULL!,2010,0
PPHM,Yes,#NULL!,2012,0
PQE,No,20000000,2006,1
PRGO,No,#NULL!,2009,1
Privatel,No,950000,2011,1
PRMW,Yes,#NULL!,2011,0
PRSS,Ongoing,#NULL!,2013,1
PRST,No,1250000,2006,1
PRTS,No,10000000,2007,1
PRU,Ongoing,#NULL!,2012,1
PRX,No,8100000,2006,1
PRZ,No,2000000,2006,1
PSEC,Yes,#NULL!,2014,0
PSS,Yes,#NULL!,2012,0
PSYS,Ongoing,#NULL!,2009,1
PTEC,Yes,#NULL!,2010,0
PTIE,Ongoing,#NULL!,2011,1
PTMK,Yes,#NULL!,2005,0
PTR,Ongoing,#NULL!,2013,1
PUDA,Ongoing,#NULL!,2013,1
PVCT,Ongoing,#NULL!,2014,1
PVFC,Ongoing,#NULL!,2013,1
PVG,Ongoing,#NULL!,2013,1
PVR,Ongoing,#NULL!,2013,1
PVTB,Yes,#NULL!,2010,0
PWAV,No,3150000,2007,1
PWE,Ongoing,#NULL!,2014,1
PWER,Ongoing,#NULL!,2013,1
PXPL,No,1000000,2006,1
PXT,Yes,#NULL!,2006,0
PYMX,Ongoing,#NULL!,2012,1
PZN,Yes,#NULL!,2007,0
QCOR,Ongoing,#NULL!,2012,1
QEPM,Ongoing,#NULL!,2015,1
QNTA,Yes,#NULL!,2007,0
QRCP,No,10100000,2008,1
QRXPY,Ongoing,#NULL!,2015,1
QSFT,No,29400000,2006,1
QSII,Ongoing,#NULL!,2013,1
QXM,Yes,#NULL!,2012,0
RACK,Yes,#NULL!,2009,0
RAE,Yes,#NULL!,2010,0
RAS,No,32000000,2007,1
RATE,Ongoing,#NULL!,2014,1
RBCN,Ongoing,#NULL!,2015,1
RBN,Yes,#NULL!,2012,0
RBS,Yes,#NULL!,2009,0
RCAP,Ongoing,#NULL!,2014,1
RCL,Yes,#NULL!,2011,0
RCOCQ,No,2075000,2005,1
RDN,Yes,#NULL!,2007,0
REP,No,8000000,2006,1
RESN,Ongoing,#NULL!,2015,1
REV,Yes,#NULL!,2009,0
REVU,Yes,#NULL!,2011,0
RF,Ongoing,#NULL!,2010,1
RF.PRZ,Yes,#NULL!,2009,0
RFX,No,49500000,2005,1
RGDO,Ongoing,#NULL!,2014,1
RGF,No,39000000,2005,1
RGR,No,3000000,2009,1
RHA,No,#NULL!,2005,1
RHD,No,25000000,2009,1
RHIE,No,2500000,2009,1
RHY,No,62000000,2010,1
RIG,Yes,#NULL!,2010,0
RIGL,Yes,#NULL!,2009,0
RIMM,Yes,#NULL!,2011,0
RINO,No,7000000,2010,1
RJF,Yes,#NULL!,2009,0
RLRN,Yes,#NULL!,2011,0
RM,Ongoing,#NULL!,2014,1
RMBS,No,18333313,2006,1
RMUNX,Ongoing,#NULL!,2009,1
RNA,Ongoing,#NULL!,2014,1
RNR,No,13500000,2005,1
ROKA,Ongoing,#NULL!,2014,1
ROYT,Yes,#NULL!,2014,0
RPC,No,2500000,2011,1
RPRX,Yes,#NULL!,2009,0
RRGB,No,1500000,2005,1
RSH,Yes,#NULL!,2012,0
RSO,Ongoing,#NULL!,2015,1
RST,Yes,#NULL!,2011,0
RSVM,Yes,#NULL!,2006,0
RT,Ongoing,#NULL!,2014,1
RTK,No,1800000,2009,1
RTNB,Ongoing,#NULL!,2015,1
RTRX,Ongoing,#NULL!,2014,1
RUKN,Yes,#NULL!,2008,0
RUSS,Yes,#NULL!,2006,0
RVNC,Ongoing,#NULL!,2015,1
RY,Yes,#NULL!,2008,0
RYAM,Ongoing,#NULL!,2015,1
RYJAX,No,5500000,2010,1
RYN,Ongoing,#NULL!,2014,1
RYPYX,Ongoing,#NULL!,2008,1
RZTIQ,Yes,#NULL!,2013,0
S,Ongoing,#NULL!,2009,1
S.D. New,No,26612500,2009,1
SAF,Yes,#NULL!,2008,0
SAI,Ongoing,#NULL!,2012,1
SATC,No,3000000,2011,1
SAY,No,125000000,2009,1
SBAY,Ongoing,#NULL!,2013,1
SBL,Yes,#NULL!,2005,0
SC,Ongoing,#NULL!,2014,1
SCA,Yes,#NULL!,2007,0
SCEI,No,2000000,2011,1
SCGLY.PK,Yes,#NULL!,2008,0
SCHL,Yes,#NULL!,2007,0
SCLN,Yes,#NULL!,2010,0
SCR.A,Yes,#NULL!,2006,0
SCT,No,37500000,2006,1
SCTY,Ongoing,#NULL!,2014,1
SCUR,No,3600000,2007,1
SD,Ongoing,#NULL!,2014,1
SDA,No,27000000,2008,1
SDRL,Ongoing,#NULL!,2014,1
SDT,Ongoing,#NULL!,2015,1
SDTH,Ongoing,#NULL!,2011,1
SEAS,Ongoing,#NULL!,2014,1
SF,No,#NULL!,2008,1
SFCC,No,28500000,2005,1
SFI,No,29000000,2008,1
SFNT,No,25000000,2006,1
SFSF,(blank),#NULL!,2012,1
SGLP,No,28000000,2008,1
SGN,No,4000000,2008,1
SGR,Yes,#NULL!,2006,0
SGY,No,10500000,2005,1
SHFL,No,13000000,2007,1
SHLD,Yes,#NULL!,2006,0
SHLO,Ongoing,#NULL!,2015,1
SHPG,Ongoing,#NULL!,2014,1
SHRP,Yes,#NULL!,2005,0
SHSN,Yes,#NULL!,2009,0
SHU,Yes,#NULL!,2005,0
SI,Yes,#NULL!,2009,0
SIHI,Ongoing,#NULL!,2012,1
SIMG,Yes,#NULL!,2005,0
SINA,Yes,#NULL!,2005,0
SIPX,No,6000000,2005,1
SKH,No,3000000,2009,1
SLFI,No,10250000,2007,1
SLV,Yes,#NULL!,2010,0
SLW,Ongoing,#NULL!,2015,1
SLXP,Ongoing,#NULL!,2014,1
SMCI,Ongoing,#NULL!,2015,1
SMSI,Yes,#NULL!,2011,0
SMT,No,15250000,2010,1
SMTB,Ongoing,#NULL!,2010,1
SMTC,No,#NULL!,2007,1
SNCR,Yes,#NULL!,2008,0
SNDK,Ongoing,#NULL!,2015,1
SNG,No,5200000,2009,1
SNIC,No,5000000,2007,1
SNR,Yes,#NULL!,2009,0
SNRR,No,8000000,2006,1
SNV,Ongoing,#NULL!,2009,1
SNY,No,40000000,2007,1
SOLN,No,1098500,2007,1
SOLR,No,10500000,2008,1
SON,No,13000000,2008,1
SONS,Ongoing,#NULL!,2015,1
SPC,Yes,#NULL!,2005,0
SPDV,Yes,#NULL!,2008,0
SPEC,Yes,#NULL!,2011,0
SPF,Yes,#NULL!,2007,0
SPNC,No,8500000,2008,1
SPNG,Ongoing,#NULL!,2009,1
SPPI,Ongoing,#NULL!,2013,1
SPR,Ongoing,#NULL!,2013,1
SPU,No,2200000,2011,1
SPWRA,No,19700000,2009,1
SQM,Ongoing,#NULL!,2015,1
SQNM,No,14000000,2009,1
SQNS,No,2250000,2011,1
SRLS,No,3000000,2005,1
SRPT,Ongoing,#NULL!,2014,1
SRQ,Yes,#NULL!,2009,0
SRS,Yes,#NULL!,2009,0
SRT,No,7500000,2005,1
SRV,No,#NULL!,2009,1
SRVY,No,4000000,2007,1
SRX,Ongoing,#NULL!,2011,1
SRZ,No,13500000,2007,1
SSCC,Yes,#NULL!,2011,0
SSINX,Yes,#NULL!,2008,0
SSTI,Yes,#NULL!,2005,0
SSYPX,Yes,#NULL!,2008,0
SSYS,Ongoing,#NULL!,2015,1
STAA,Ongoing,#NULL!,2014,1
STEC,No,35750000,2009,1
STI,Yes,#NULL!,2009,0
STIZ,Yes,#NULL!,2009,0
STJ,Ongoing,#NULL!,2010,1
STKR,No,3400000,2005,1
STLD,Yes,#NULL!,2009,0
STP,Ongoing,#NULL!,2012,1
STRA,Yes,#NULL!,2010,0
STRC,Yes,#NULL!,2012,0
STSI,Ongoing,#NULL!,2013,1
STT,Ongoing,#NULL!,2009,1
STU,Yes,#NULL!,2012,0
STXS,Yes,#NULL!,2011,0
SUBK,No,2800000,2011,1
SVM,No,14000000,2012,1
SVNT,Yes,#NULL!,2008,0
SVU,Yes,#NULL!,2009,0
SWHC,Yes,#NULL!,2007,0
SWI,Ongoing,#NULL!,2015,1
SWIR,Yes,#NULL!,2005,0
SWLBX,Yes,#NULL!,2008,0
SWM,Yes,#NULL!,2010,0
SWSH,No,5500000,2012,1
SWSI,No,#NULL!,2010,1
SWWC,Yes,#NULL!,2008,0
SWY,Ongoing,#NULL!,2014,1
SWYPX,No,35000000,2008,1
SYK,Yes,#NULL!,2010,0
SZYM,Ongoing,#NULL!,2015,1
TAG,No,5750000,2005,1
TAP,No,6000000,2005,1
TARR,Ongoing,#NULL!,2007,1
TASR,No,#NULL!,2005,1
TBBK,Ongoing,#NULL!,2014,1
TBET,Ongoing,#NULL!,2012,1
TBL,Yes,#NULL!,2011,0
TCHC,No,2240000,2007,1
TCPI,Ongoing,#NULL!,2015,1
TEG,Ongoing,#NULL!,2014,1
TELK,No,5000000,2007,1
TERN,No,5300000,2006,1
TEVA,Ongoing,#NULL!,2013,1
TEX,Ongoing,#NULL!,2009,1
TGIC,Yes,#NULL!,2009,0
THLD,No,10000000,2007,1
THMRQ,No,11250000,2009,1
THO,Yes,#NULL!,2010,0
THOR,Ongoing,#NULL!,2014,1
THQI,Ongoing,#NULL!,2012,1
TIBX,Yes,#NULL!,2005,0
TIER.PK,Yes,#NULL!,2006,0
TIN,Yes,#NULL!,2011,0
TKLC,Yes,#NULL!,2011,0
TLAB,Ongoing,#NULL!,2013,1
TLB,Yes,#NULL!,2011,0
TLEO,Yes,#NULL!,2008,0
TLGD,Yes,#NULL!,2011,0
TM,No,25500000,2010,1
TMA,No,2000000,2007,1
TMRK,Yes,#NULL!,2011,0
TMX,Yes,#NULL!,2011,0
TNAV,No,3800000,2010,1
TNCC,Ongoing,#NULL!,2012,1
TNET,Ongoing,#NULL!,2015,1
TNGO,Ongoing,#NULL!,2013,1
TNS,No,3600000,2006,1
TOA,Yes,#NULL!,2006,0
TOL,No,25000000,2007,1
TOMO,(blank),5000000,2008,1
TONE,No,3100000,2010,1
TOPT,No,#NULL!,2006,1
TOSYY,Ongoing,#NULL!,2015,1
TPX,Ongoing,#NULL!,2012,1
TRB,Yes,#NULL!,2005,0
TRBN,Yes,#NULL!,2010,0
TRIT,Ongoing,#NULL!,2013,1
TRMM,Yes,#NULL!,2008,0
TRMR,Ongoing,#NULL!,2013,1
TRMS,Yes,#NULL!,2009,0
TRN,Yes,#NULL!,2015,0
TRQ,Ongoing,#NULL!,2013,1
TRXAQ,No,37000000,2009,1
TSCDY,Ongoing,#NULL!,2014,1
TSLA,Ongoing,#NULL!,2013,1
TSON,Ongoing,#NULL!,2012,1
TSTC,Ongoing,#NULL!,2015,1
TTEK,Ongoing,#NULL!,2013,1
TTI,No,8250000,2008,1
TTS,Ongoing,#NULL!,2013,1
TTWO,No,20115000,2006,1
TUBM,No,600000,2007,1
TVIA,No,2850000,2006,1
TVIX,Yes,#NULL!,2012,0
TWB,Yes,#NULL!,2007,0
TWGP,Ongoing,#NULL!,2013,1
TWP,Yes,#NULL!,2005,0
TWR,No,5350000,2005,1
TXIC,No,3000000,2011,1
TXT,Yes,#NULL!,2009,0
TXTR,Ongoing,#NULL!,2014,1
TXU,No,#NULL!,2007,1
TYC,Yes,#NULL!,2005,0
TZOO,Yes,#NULL!,2011,0
UAHC,Yes,#NULL!,2005,0
UBNT,Ongoing,#NULL!,2012,1
UBS,Yes,#NULL!,2012,0
UCBH,Ongoing,#NULL!,2009,1
UCOI.OB,Yes,#NULL!,2007,0
UEC,Ongoing,#NULL!,2015,1
UEPS,Ongoing,#NULL!,2013,1
UFBV,Yes,#NULL!,2008,0
UHCO,Yes,#NULL!,2005,0
ULTA,No,3750000,2007,1
UNCLQ,Yes,#NULL!,2009,0
Undeterm,No,4950000,2005,1
UNH,No,925500000,2006,1
UNIS,Ongoing,#NULL!,2013,1
UNTK,Ongoing,#NULL!,2013,1
UNXL,Yes,#NULL!,2013,0
UPI,Ongoing,#NULL!,2013,1
URBN,Ongoing,#NULL!,2013,1
URI,Yes,#NULL!,2007,0
USNA,Yes,#NULL!,2007,0
UTA,Ongoing,#NULL!,2011,1
UTIW,Ongoing,#NULL!,2014,1
UTSI,No,9500000,2007,1
UWBK,Yes,#NULL!,2011,0
VBIV,Ongoing,#NULL!,2014,1
VC,Yes,#NULL!,2005,0
VCGH,Yes,#NULL!,2011,0
VCLK,No,10000000,2007,1
VCRA,Ongoing,#NULL!,2013,1
VDSI,Ongoing,#NULL!,2015,1
VE,Yes,#NULL!,2011,0
VELT,Ongoing,#NULL!,2013,1
VG,Yes,#NULL!,2006,0
VICL,Ongoing,#NULL!,2013,1
VIPS,Ongoing,#NULL!,2015,1
VISG,No,2300000,2005,1
VITA,No,#NULL!,2011,1
VITC,Yes,#NULL!,2010,0
VLKAY,Ongoing,#NULL!,2015,1
VLNCQ,Yes,#NULL!,2012,0
VLRS,Ongoing,#NULL!,2015,1
VLYF,Ongoing,#NULL!,2013,1
VM,No,#NULL!,2007,1
VMEM,Ongoing,#NULL!,2013,1
VMW,Yes,#NULL!,2008,0
VNDA,Ongoing,#NULL!,2013,1
VNET,Ongoing,#NULL!,2014,1
VOD,Yes,#NULL!,2007,0
VOXX,Ongoing,#NULL!,2014,1
VPHM,Ongoing,#NULL!,2012,1
VRSN,Yes,#NULL!,2013,0
VRTS,Ongoing,#NULL!,2015,1
VRTX,Ongoing,#NULL!,2012,1
VSI,Yes,#NULL!,2013,0
VSLR,Ongoing,#NULL!,2014,1
VSNIE,No,25000000,2007,1
VSUNQ,Yes,#NULL!,2009,0
VTSS,No,7750000,2006,1
VTUS,Yes,#NULL!,2013,0
VVUS,Yes,#NULL!,2010,0
VWSYF,Yes,#NULL!,2011,0
W,Ongoing,#NULL!,2015,1
WAC,Ongoing,#NULL!,2013,1
WAG,Ongoing,#NULL!,2014,1
WAT,Yes,#NULL!,2008,0
WATG,No,3000000,2011,1
WAVE,No,1400000,2008,1
WB,Yes,629000000,2008,0
WBAI,Ongoing,#NULL!,2015,1
WBMD,Yes,#NULL!,2011,0
WCG,No,200000000,2007,1
WCRX,No,16500000,2006,1
WFC,Yes,#NULL!,2010,0
WFII,No,4500000,2007,1
WFM,Ongoing,#NULL!,2015,1
WFR,Yes,#NULL!,2008,0
WFT,No,52500000,2011,1
WG,No,10500000,2005,1
WGRD,No,1750000,2005,1
WHAI,No,#NULL!,2005,1
WHI,No,8750000,2007,1
WIBC,Yes,#NULL!,2011,0
WITS,Yes,#NULL!,2006,0
WL,Ongoing,#NULL!,2010,1
WLP,Yes,#NULL!,2008,0
WLRE,No,4900000,2007,1
WLRE.PK,No,2600000,2007,1
WLT,Ongoing,#NULL!,2012,1
WM,No,208500000,2007,1
WMMVY,Ongoing,#NULL!,2013,1
WMS,No,3700000,2011,1
WMT,Ongoing,#NULL!,2012,1
WOLF,Yes,#NULL!,2005,0
WPO,Yes,#NULL!,2010,0
WRLD,Ongoing,#NULL!,2014,1
WRSP,No,2375000,2007,1
WSFG,No,4900000,2007,1
WSH,Ongoing,#NULL!,2009,1
WSTM,No,#NULL!,2005,1
WTNY,Yes,#NULL!,2011,0
WTW,Ongoing,#NULL!,2014,1
WU,Ongoing,#NULL!,2013,1
WWCC,Yes,#NULL!,2010,0
WWE,Ongoing,#NULL!,2014,1
WYE,No,67500000,2007,1
XFML,Yes,#NULL!,2007,0
XIDE,No,13700000,2005,1
XING,No,2400000,2007,1
XJT,Yes,#NULL!,2010,0
XMSR,Yes,#NULL!,2006,0
XNET,Ongoing,#NULL!,2015,1
XNL,No,2800000,2006,1
XNPT,Yes,#NULL!,2010,0
XOMA,Ongoing,#NULL!,2015,1
XOOM,Yes,#NULL!,2015,0
XRM,No,3600000,2006,1
XXIA,Ongoing,#NULL!,2013,1
XYBRE,No,6300000,2005,1
YELP,Ongoing,#NULL!,2014,1
YGE,Ongoing,#NULL!,2015,1
YHOO,Yes,#NULL!,2011,0
YOKU,Yes,#NULL!,2015,0
YONG,Yes,#NULL!,2011,0
YPF,Ongoing,#NULL!,2013,1
YRCW,Ongoing,#NULL!,2011,1
YUII,No,2700000,2011,1
YUM,Ongoing,#NULL!,2013,1
Z,Yes,#NULL!,2012,0
ZAGG,Ongoing,#NULL!,2012,1
ZILG,Yes,#NULL!,2010,0
ZLC,No,3600000,2009,1
ZMH,Yes,#NULL!,2008,0
ZNGA,Ongoing,#NULL!,2012,1
ZOOG,Yes,#NULL!,2011,0
ZQK,Ongoing,#NULL!,2015,1
ZRAN,Yes,#NULL!,2006,0
ZSTN,No,1700000,2011,1
ZUMZ,Yes,#NULL!,2007,0
ZYXI,No,2500000,2009,1
